id;mtotal;vms;clock;lastclocktime;stage
1;0.0;1;0;0;2
2;0.0;1;0;0;3
3;0.0;1;1;0;1
4;0.0;1;0;0;2
5;0.0;1;0;0;3
6;0.0;1;1;0;1
7;0.0;1;0;0;2
8;0.0;1;0;0;3
9;0.0;1;1;0;1
10;0.0;1;0;0;2
11;0.0;1;0;0;3
12;0.0;1;1;0;1
13;0.0;1;0;0;2
14;0.0;1;0;0;3
15;0.0;1;1;0;1
16;0.0;1;0;0;2
17;0.0;1;0;0;3
18;46.69;1;1;0;1
19;0.0;1;0;0;2
20;0.0;1;0;0;3
21;70.94;1;1;0;1
22;0.0;1;0;0;2
23;0.0;1;0;0;3
24;98.44;1;1;0;1
25;0.0;1;0;0;2
26;0.0;1;0;0;3
27;98.44;1;1;0;1
28;0.0;1;0;0;2
29;0.0;1;0;0;3
30;98.44;1;1;0;1
31;0.0;1;0;0;2
32;0.0;1;0;0;3
33;98.44;1;1;0;1
34;0.0;1;0;0;2
35;0.0;1;0;0;3
36;98.44;1;1;0;1
37;0.0;1;0;0;2
38;0.0;1;0;0;3
39;98.44;1;1;0;1
40;0.0;1;0;0;2
41;0.0;1;0;0;3
42;98.44;1;1;0;1
43;0.0;1;0;0;2
44;0.0;1;0;0;3
45;98.44;1;1;0;1
46;0.0;1;0;0;2
47;0.0;1;0;0;3
48;98.44;1;1;0;1
49;0.0;1;0;0;2
50;0.0;1;0;0;3
51;98.44;1;1;0;1
52;0.0;1;0;0;2
53;0.0;1;0;0;3
54;98.44;1;1;0;1
55;0.0;1;0;0;2
56;0.0;1;0;0;3
57;98.44;1;1;0;1
58;0.0;1;0;0;2
59;0.0;1;0;0;3
60;98.44;1;1;0;1
61;0.0;1;0;0;2
62;0.0;1;0;0;3
63;98.44;1;1;0;1
64;0.0;1;0;0;2
65;0.0;1;0;0;3
66;98.44;1;1;0;1
67;0.0;1;0;0;2
68;0.0;1;0;0;3
69;98.44;1;1;0;1
70;0.0;1;0;0;2
71;0.0;1;0;0;3
72;98.44;1;1;0;1
73;0.0;1;0;0;2
74;0.0;1;0;0;3
75;98.44;1;1;0;1
76;0.0;1;0;0;2
77;0.0;1;0;0;3
78;98.44;1;1;0;1
79;0.0;1;0;0;2
80;0.0;1;0;0;3
81;98.44;1;1;0;1
82;0.0;1;0;0;2
83;0.0;1;0;0;3
84;98.44;1;1;0;1
85;0.0;1;0;0;2
86;0.0;1;0;0;3
87;98.44;1;1;0;1
88;0.0;1;0;0;2
89;0.0;1;0;0;3
90;98.44;1;1;0;1
91;0.0;1;0;0;2
92;0.0;1;0;0;3
93;98.44;1;1;0;1
94;0.0;1;0;0;2
95;0.0;1;0;0;3
96;98.44;1;1;0;1
97;0.0;1;0;0;2
98;0.0;1;0;0;3
99;98.44;1;1;0;1
100;0.0;1;0;0;2
101;0.0;1;0;0;3
102;98.44;1;1;0;1
103;0.0;1;0;0;2
104;0.0;1;0;0;3
105;98.44;1;1;0;1
106;0.0;1;0;0;2
107;0.0;1;0;0;3
108;98.44;1;1;0;1
109;0.0;1;0;0;2
110;0.0;1;0;0;3
111;98.44;1;1;0;1
112;0.0;1;0;0;2
113;0.0;1;0;0;3
114;98.44;1;1;0;1
115;0.0;1;0;0;2
116;0.0;1;0;0;3
117;98.44;1;1;0;1
118;0.0;1;0;0;2
119;0.0;1;0;0;3
120;98.44;1;1;0;1
121;0.0;1;0;0;2
122;0.0;1;0;0;3
123;98.44;1;1;0;1
124;0.0;1;0;0;2
125;0.0;1;0;0;3
126;98.44;1;1;0;1
127;0.0;1;0;0;2
128;0.0;1;0;0;3
129;98.44;1;1;0;1
130;0.0;1;0;0;2
131;0.0;1;0;0;3
132;98.44;1;1;0;1
133;0.0;1;0;0;2
134;0.0;1;0;0;3
135;98.44;1;1;0;1
136;0.0;1;0;0;2
137;0.0;1;0;0;3
138;98.44;1;1;0;1
139;0.0;1;0;0;2
140;0.0;1;0;0;3
141;98.44;1;1;0;1
142;0.0;1;0;0;2
143;0.0;1;0;0;3
144;98.44;1;1;0;1
145;0.0;1;0;0;2
146;0.0;1;0;0;3
147;97.04;2;2;49;1
148;0.0;1;0;0;2
149;0.0;1;0;0;3
150;94.08;2;2;49;1
151;0.0;1;1;0;2
152;0.0;1;0;0;3
153;88.8;2;2;49;1
154;0.0;1;1;0;2
155;0.0;1;0;0;3
156;79.12;2;2;49;1
157;0.0;1;1;0;2
158;0.0;1;0;0;3
159;59.8;2;2;49;1
160;0.0;1;1;0;2
161;0.0;1;0;0;3
162;21.16;2;2;49;1
163;0.0;1;1;0;2
164;0.0;1;0;0;3
165;33.38;2;2;49;1
166;0.0;1;1;0;2
167;0.0;1;0;0;3
168;68.31;2;2;49;1
169;20.44;1;1;0;2
170;0.0;1;0;0;3
171;97.19;2;2;49;1
172;23.44;1;1;0;2
173;0.0;1;0;0;3
174;98.44;2;2;49;1
175;48.44;1;1;0;2
176;0.0;1;0;0;3
177;98.44;2;2;49;1
178;98.44;1;1;0;2
179;0.0;1;0;0;3
180;98.44;2;2;49;1
181;98.44;1;1;0;2
182;0.0;1;0;0;3
183;98.44;2;2;49;1
184;98.44;1;1;0;2
185;0.0;1;0;0;3
186;98.44;2;2;49;1
187;98.44;1;1;0;2
188;0.0;1;0;0;3
189;98.44;2;2;49;1
190;98.44;1;1;0;2
191;0.0;1;0;0;3
192;98.17;2;2;49;1
193;98.44;1;1;0;2
194;0.0;1;0;0;3
195;96.93;2;2;49;1
196;98.44;1;1;0;2
197;0.0;1;0;0;3
198;93.86;2;3;15;1
199;98.44;1;1;0;2
200;0.0;1;0;0;3
201;87.98;2;3;15;1
202;98.44;1;1;0;2
203;0.0;1;0;0;3
204;77.19;2;3;15;1
205;98.44;1;1;0;2
206;0.0;1;0;0;3
207;55.94;2;3;15;1
208;98.44;1;1;0;2
209;0.0;1;0;0;3
210;30.44;2;3;15;1
211;98.44;1;1;0;2
212;0.0;1;0;0;3
213;24.94;2;3;15;1
214;98.44;1;1;0;2
215;0.0;1;0;0;3
216;51.44;2;3;15;1
217;98.44;1;1;0;2
218;0.0;1;0;0;3
219;87.44;2;3;15;1
220;98.44;1;1;0;2
221;0.0;1;0;0;3
222;98.44;2;3;15;1
223;98.44;1;1;0;2
224;0.0;1;0;0;3
225;98.44;2;3;15;1
226;98.44;1;1;0;2
227;0.0;1;0;0;3
228;98.44;2;3;15;1
229;98.44;1;1;0;2
230;0.0;1;0;0;3
231;98.44;2;3;15;1
232;98.44;1;1;0;2
233;0.0;1;0;0;3
234;98.44;2;3;15;1
235;98.44;1;1;0;2
236;0.0;1;0;0;3
237;98.44;2;3;15;1
238;98.44;1;1;0;2
239;0.0;1;0;0;3
240;98.44;2;3;15;1
241;98.44;1;1;0;2
242;0.0;1;0;0;3
243;97.72;2;3;15;1
244;98.44;1;1;0;2
245;0.0;1;0;0;3
246;95.45;2;4;15;1
247;98.44;1;1;0;2
248;0.0;1;0;0;3
249;91.24;2;4;15;1
250;98.44;1;1;0;2
251;0.0;1;0;0;3
252;83.8;2;4;15;1
253;98.44;1;1;0;2
254;0.0;1;0;0;3
255;68.93;2;4;15;1
256;98.44;1;1;0;2
257;0.0;1;0;0;3
258;39.42;2;4;15;1
259;98.44;1;1;0;2
260;0.0;1;0;0;3
261;26.41;2;4;15;1
262;98.44;1;1;0;2
263;0.0;1;0;0;3
264;53.88;2;4;15;1
265;98.44;1;1;0;2
266;0.0;1;0;0;3
267;86.81;2;4;15;1
268;98.44;1;1;0;2
269;0.0;1;0;0;3
270;90.69;2;4;15;1
271;98.44;1;1;0;2
272;0.0;1;0;0;3
273;98.44;2;4;15;1
274;98.44;1;1;0;2
275;0.0;1;0;0;3
276;98.44;2;4;15;1
277;98.44;1;1;0;2
278;0.0;1;0;0;3
279;98.44;2;4;15;1
280;98.44;1;1;0;2
281;0.0;1;0;0;3
282;98.44;2;4;15;1
283;98.44;1;1;0;2
284;0.0;1;0;0;3
285;98.44;2;4;15;1
286;98.44;1;1;0;2
287;0.0;1;0;0;3
288;98.44;2;4;15;1
289;98.44;1;1;0;2
290;0.0;1;0;0;3
291;98.44;2;4;15;1
292;98.44;1;1;0;2
293;0.0;1;0;0;3
294;97.11;2;5;15;1
295;98.44;1;1;0;2
296;0.0;1;0;0;3
297;94.23;3;5;15;1
298;98.44;1;1;0;2
299;0.0;1;0;0;3
300;88.81;3;5;15;1
301;98.44;1;1;0;2
302;0.0;1;0;0;3
303;79.04;3;5;15;1
304;98.44;1;1;0;2
305;0.0;1;0;0;3
306;59.64;3;5;15;1
307;98.44;1;1;0;2
308;0.0;1;0;0;3
309;20.83;3;5;15;1
310;98.44;1;1;0;2
311;0.0;1;0;0;3
312;28.23;3;5;15;1
313;98.44;1;1;0;2
314;0.0;1;0;0;3
315;57.35;3;5;15;1
316;98.44;1;1;0;2
317;0.0;1;0;0;3
318;93.94;3;5;15;1
319;98.44;1;1;0;2
320;0.0;1;0;0;3
321;98.14;3;5;15;1
322;98.44;1;1;0;2
323;0.0;1;0;0;3
324;96.81;3;5;15;1
325;98.44;1;1;0;2
326;0.0;1;0;0;3
327;93.78;3;6;10;1
328;98.44;1;1;0;2
329;0.0;1;0;0;3
330;87.56;3;6;10;1
331;98.44;1;1;0;2
332;0.0;1;0;0;3
333;75.8;3;6;10;1
334;98.44;1;1;0;2
335;0.0;1;0;0;3
336;52.99;3;6;10;1
337;98.44;1;1;0;2
338;0.0;1;0;0;3
339;26.54;3;6;10;1
340;97.42;1;2;61;2
341;0.0;1;0;0;3
342;20.98;3;6;10;1
343;94.85;2;2;61;2
344;0.0;1;1;0;3
345;32.85;3;6;10;1
346;89.93;2;2;61;2
347;0.0;1;1;0;3
348;67.27;3;6;10;1
349;80.9;2;2;61;2
350;0.0;1;1;0;3
351;92.46;3;6;10;1
352;63.22;2;2;61;2
353;0.0;1;1;0;3
354;97.29;3;6;10;1
355;28.0;2;2;61;2
356;0.0;1;1;0;3
357;94.92;3;7;9;1
358;22.56;2;2;61;2
359;0.0;1;1;0;3
360;89.84;3;7;9;1
361;46.19;2;2;61;2
362;20.19;1;1;0;3
363;80.18;3;7;9;1
364;79.44;2;2;61;2
365;28.94;1;1;0;3
366;61.61;3;7;9;1
367;93.94;2;2;61;2
368;48.44;1;1;0;3
369;44.79;3;7;9;1
370;98.44;2;2;61;2
371;98.44;1;1;0;3
372;24.81;3;7;9;1
373;98.44;2;2;61;2
374;98.44;1;1;0;3
375;29.19;3;7;9;1
376;98.44;2;2;61;2
377;98.44;1;1;0;3
378;59.27;3;7;9;1
379;98.44;2;2;61;2
380;98.44;1;1;0;3
381;88.77;3;7;9;1
382;98.44;2;2;61;2
383;98.44;1;1;0;3
384;97.92;3;7;9;1
385;98.44;2;2;61;2
386;98.44;1;1;0;3
387;96.06;3;7;9;1
388;98.44;2;2;61;2
389;98.44;1;1;0;3
390;92.16;3;8;9;1
391;98.44;2;2;61;2
392;98.44;1;1;0;3
393;84.84;3;8;9;1
394;98.44;2;2;61;2
395;98.44;1;1;0;3
396;70.52;3;8;9;1
397;98.16;2;2;61;2
398;98.44;1;1;0;3
399;42.34;3;8;9;1
400;97.09;2;2;61;2
401;98.44;1;1;0;3
402;19.57;3;8;9;1
403;94.97;2;2;61;2
404;98.44;1;1;0;3
405;26.04;3;8;9;1
406;89.98;2;2;21;2
407;98.44;1;1;0;3
408;51.31;3;8;9;1
409;79.98;2;3;21;2
410;98.44;1;1;0;3
411;70.85;3;8;9;1
412;60.38;2;3;21;2
413;98.44;1;1;0;3
414;89.24;3;8;9;1
415;40.25;2;3;21;2
416;98.44;1;1;0;3
417;95.88;3;9;10;1
418;32.0;2;3;21;2
419;98.44;1;1;0;3
420;91.76;3;9;10;1
421;15.56;2;3;21;2
422;98.44;1;1;0;3
423;83.97;3;9;10;1
424;29.69;2;3;21;2
425;98.44;1;1;0;3
426;69.1;3;9;10;1
427;59.94;2;3;21;2
428;98.44;1;1;0;3
429;39.77;3;9;10;1
430;95.44;2;3;21;2
431;98.44;1;1;0;3
432;25.44;3;9;10;1
433;96.44;2;3;21;2
434;98.44;1;1;0;3
435;27.77;3;9;10;1
436;98.44;2;3;21;2
437;98.44;1;1;0;3
438;56.44;3;9;10;1
439;98.44;2;3;21;2
440;98.44;1;1;0;3
441;85.34;3;9;10;1
442;98.44;2;3;21;2
443;98.44;1;1;0;3
444;98.16;3;9;10;1
445;98.44;2;3;21;2
446;98.44;1;1;0;3
447;96.88;3;9;10;1
448;98.44;2;3;21;2
449;98.44;1;1;0;3
450;93.84;4;10;9;1
451;98.44;2;3;21;2
452;98.44;1;1;0;3
453;87.69;4;10;9;1
454;98.44;2;3;21;2
455;98.44;1;1;0;3
456;75.95;4;10;9;1
457;98.44;2;3;21;2
458;98.44;1;1;0;3
459;58.93;4;10;9;1
460;98.44;2;3;21;2
461;98.44;1;1;0;3
462;25.43;4;10;9;1
463;97.92;2;3;21;2
464;98.44;1;1;0;3
465;16.09;4;10;9;1
466;96.33;2;3;21;2
467;98.44;1;1;0;3
468;28.38;4;10;9;1
469;92.68;2;4;19;2
470;98.44;1;1;0;3
471;56.31;4;10;9;1
472;85.96;2;4;19;2
473;98.44;1;1;0;3
474;76.77;4;10;9;1
475;72.95;2;4;19;2
476;98.44;1;1;0;3
477;87.93;4;10;9;1
478;47.47;2;4;19;2
479;98.44;1;1;0;3
480;76.27;4;10;9;1
481;29.5;2;4;19;2
482;97.19;1;1;0;3
483;52.93;4;10;9;1
484;29.56;2;4;19;2
485;94.38;1;2;47;3
486;29.76;4;10;9;1
487;59.19;2;4;19;2
488;89.05;1;2;47;3
489;24.82;4;10;9;1
490;81.44;2;4;19;2
491;79.03;1;2;47;3
492;24.39;4;10;14;1
493;98.44;2;4;19;2
494;59.63;1;2;47;3
495;23.63;4;11;14;1
496;98.44;2;4;19;2
497;20.81;1;2;47;3
498;21.97;4;11;14;1
499;98.44;2;4;19;2
500;23.19;1;2;47;3
501;19.34;4;11;14;1
502;98.44;2;4;19;2
503;47.94;1;2;47;3
504;15.02;4;11;14;1
505;98.44;2;4;19;2
506;78.44;1;2;47;3
507;12.34;4;11;14;1
508;98.44;2;4;19;2
509;98.44;1;2;47;3
510;25.75;4;11;14;1
511;98.44;2;4;19;2
512;98.44;1;2;47;3
513;45.79;4;11;14;1
514;98.44;2;4;19;2
515;98.44;1;2;47;3
516;77.74;4;11;14;1
517;98.44;2;4;19;2
518;98.44;1;2;47;3
519;82.23;4;12;7;1
520;98.24;2;4;19;2
521;98.44;1;2;47;3
522;79.11;4;12;7;1
523;97.63;2;4;19;2
524;98.44;1;2;47;3
525;58.62;4;12;7;1
526;95.27;2;4;19;2
527;98.44;1;2;47;3
528;33.71;4;12;7;1
529;90.54;3;5;19;2
530;98.44;1;2;47;3
531;18.61;4;12;7;1
532;81.09;3;5;19;2
533;98.44;1;2;47;3
534;12.13;4;12;7;1
535;62.95;3;5;19;2
536;98.44;1;2;47;3
537;25.15;4;12;7;1
538;39.36;3;5;19;2
539;98.44;1;2;47;3
540;41.4;4;12;7;1
541;6.73;3;5;19;2
542;98.44;1;2;47;3
543;57.19;4;12;7;1
544;15.02;3;5;19;2
545;98.44;1;2;47;3
546;68.52;4;12;7;1
547;30.94;3;5;19;2
548;98.44;1;2;47;3
549;62.1;4;12;7;1
550;62.77;3;5;19;2
551;98.44;1;2;47;3
552;49.2;4;13;10;1
553;78.44;3;5;19;2
554;98.44;1;2;47;3
555;42.04;4;13;10;1
556;96.44;3;5;19;2
557;98.44;1;2;47;3
558;29.77;4;13;10;1
559;97.97;3;5;19;2
560;98.44;1;2;47;3
561;20.18;4;13;10;1
562;96.54;3;5;19;2
563;98.44;1;2;47;3
564;16.92;4;13;10;1
565;93.25;3;5;19;2
566;98.44;1;2;47;3
567;15.02;4;13;10;1
568;87.03;3;5;19;2
569;98.44;1;2;47;3
570;30.61;4;13;10;1
571;74.06;3;6;14;2
572;98.44;1;2;47;3
573;52.99;4;13;10;1
574;48.12;3;6;14;2
575;98.44;1;2;47;3
576;78.06;4;13;10;1
577;25.95;3;6;14;2
578;98.44;1;2;47;3
579;83.62;4;14;8;1
580;15.06;3;6;14;2
581;98.44;1;2;47;3
582;67.45;4;14;8;1
583;20.14;3;6;14;2
584;98.44;1;2;47;3
585;44.5;4;14;8;1
586;8.18;3;6;14;2
587;98.44;1;2;47;3
588;21.2;4;14;8;1
589;17.58;3;6;14;2
590;98.44;1;2;47;3
591;10.46;4;14;8;1
592;36.4;3;6;14;2
593;98.44;1;2;47;3
594;17.73;4;14;8;1
595;71.35;3;6;14;2
596;98.44;1;2;47;3
597;36.3;4;14;8;1
598;91.94;3;6;14;2
599;98.44;1;2;47;3
600;60.31;4;14;8;1
601;98.11;3;6;14;2
602;98.44;1;2;47;3
603;81.63;4;15;8;1
604;97.09;3;6;14;2
605;98.44;1;2;47;3
606;86.51;4;15;8;1
607;94.63;3;6;14;2
608;98.44;1;2;47;3
609;73.46;4;15;8;1
610;89.27;3;6;14;2
611;98.44;1;2;47;3
612;47.7;4;15;8;1
613;78.55;3;7;13;2
614;98.44;1;2;47;3
615;27.17;4;15;8;1
616;57.18;3;7;13;2
617;97.42;1;2;47;3
618;10.28;4;15;8;1
619;35.11;3;7;13;2
620;94.86;1;2;47;3
621;21.44;4;15;8;1
622;15.78;3;7;13;2
623;89.73;1;2;47;3
624;43.64;4;15;8;1
625;4.33;3;7;13;2
626;79.48;2;3;46;3
627;59.99;4;15;8;1
628;9.56;3;7;13;2
629;59.33;2;3;46;3
630;70.38;4;15;8;1
631;20.35;3;7;13;2
632;20.22;2;3;46;3
633;75.07;5;16;9;1
634;36.94;3;7;13;2
635;7.0;2;3;46;3
636;58.14;5;16;9;1
637;69.77;3;7;13;2
638;14.56;2;3;46;3
639;44.81;5;16;9;1
640;84.1;3;7;13;2
641;29.69;2;3;46;3
642;25.27;5;16;9;1
643;97.77;3;7;13;2
644;60.44;2;3;46;3
645;22.24;5;16;9;1
646;96.06;3;7;13;2
647;98.44;2;3;46;3
648;20.67;5;16;9;1
649;92.65;3;7;13;2
650;98.44;2;3;46;3
651;21.78;5;16;9;1
652;85.45;3;7;13;2
653;98.44;2;3;46;3
654;43.49;5;16;9;1
655;70.99;3;8;13;2
656;98.44;2;3;46;3
657;53.55;5;16;9;1
658;42.52;3;8;13;2
659;98.44;2;3;46;3
660;66.1;5;17;8;1
661;28.3;3;8;13;2
662;98.44;2;3;46;3
663;54.95;5;17;8;1
664;24.31;3;8;13;2
665;98.13;2;3;46;3
666;34.28;5;17;8;1
667;16.33;3;8;13;2
668;97.04;2;3;46;3
669;16.16;5;17;8;1
670;23.38;3;8;13;2
671;94.86;2;3;46;3
672;11.54;5;17;8;1
673;42.55;3;8;13;2
674;90.5;2;3;46;3
675;13.58;5;17;8;1
676;53.0;3;8;13;2
677;81.78;2;3;46;3
678;27.3;5;17;8;1
679;68.9;3;8;13;2
680;64.05;2;3;46;3
681;46.03;5;17;8;1
682;72.53;3;8;13;2
683;48.11;2;4;19;3
684;54.98;5;18;7;1
685;79.29;3;8;13;2
686;45.73;2;4;19;3
687;58.17;5;18;7;1
688;92.44;3;8;13;2
689;41.46;2;4;19;3
690;51.02;5;18;7;1
691;91.4;3;8;13;2
692;33.7;2;4;19;3
693;31.89;5;18;7;1
694;83.31;3;8;13;2
695;18.95;2;4;19;3
696;17.5;5;18;7;1
697;67.07;3;8;13;2
698;7.97;2;4;19;3
699;8.52;5;18;7;1
700;44.48;4;9;15;2
701;17.5;2;4;19;3
702;10.78;5;18;7;1
703;30.97;4;9;15;2
704;36.06;2;4;19;3
705;21.67;5;18;7;1
706;29.35;4;9;15;2
707;73.19;2;4;19;3
708;38.25;5;18;7;1
709;26.29;4;9;15;2
710;98.44;2;4;19;3
711;47.3;5;19;9;1
712;20.66;4;9;15;2
713;98.44;2;4;19;3
714;48.21;5;19;9;1
715;14.55;4;9;15;2
716;98.44;2;4;19;3
717;38.1;5;19;9;1
718;29.66;4;9;15;2
719;98.44;2;4;19;3
720;29.58;5;19;9;1
721;60.54;4;9;15;2
722;98.44;2;4;19;3
723;14.95;5;19;9;1
724;74.98;4;9;15;2
725;98.43;2;4;19;3
726;10.74;5;19;9;1
727;90.68;4;9;15;2
728;97.48;2;4;19;3
729;21.65;5;19;9;1
730;91.46;4;9;15;2
731;94.97;2;4;16;3
732;43.43;5;19;9;1
733;82.94;4;10;10;2
734;89.95;2;5;16;3
735;56.28;5;19;9;1
736;65.88;4;10;10;2
737;80.05;2;5;16;3
738;62.17;5;19;9;1
739;37.54;4;10;10;2
740;60.9;2;5;16;3
741;48.35;5;20;9;1
742;17.47;4;10;10;2
743;23.8;2;5;16;3
744;30.3;5;20;9;1
745;6.34;4;10;10;2
746;9.67;2;5;16;3
747;10.98;5;20;9;1
748;6.97;4;10;10;2
749;19.91;2;5;16;3
750;2.18;5;20;9;1
751;13.62;4;10;10;2
752;40.88;2;5;16;3
753;3.09;5;20;9;1
754;28.12;4;10;10;2
755;72.81;2;5;16;3
756;7.09;5;20;9;1
757;40.16;4;10;10;2
758;96.69;2;5;16;3
759;14.86;5;20;9;1
760;55.49;4;10;10;2
761;98.44;2;5;16;3
762;29.89;5;20;9;1
763;70.27;4;10;10;2
764;98.44;2;5;16;3
765;48.29;5;20;8;1
766;74.83;4;10;10;2
767;98.44;2;5;16;3
768;57.63;5;21;8;1
769;74.81;4;10;10;2
770;98.44;2;5;16;3
771;55.57;5;21;8;1
772;61.62;4;10;10;2
773;98.44;2;5;16;3
774;41.57;5;21;8;1
775;48.63;4;10;10;2
776;97.66;2;5;16;3
777;28.38;5;21;8;1
778;37.76;4;10;10;2
779;95.52;2;5;15;3
780;20.59;5;21;8;1
781;25.52;4;10;10;2
782;91.03;2;6;15;3
783;21.3;5;21;8;1
784;16.18;4;10;10;2
785;82.25;2;6;15;3
786;39.84;5;21;8;1
787;7.17;4;10;10;2
788;65.28;2;6;15;3
789;60.92;5;21;8;1
790;14.35;4;11;19;2
791;31.66;2;6;15;3
792;43.75;5;21;8;1
793;3.94;4;11;19;2
794;14.89;2;6;15;3
795;33.88;5;22;9;1
796;7.77;4;11;19;2
797;18.34;2;6;15;3
798;27.24;5;22;9;1
799;15.98;4;11;19;2
800;38.25;2;6;15;3
801;34.33;5;22;9;1
802;8.14;4;11;19;2
803;66.06;2;6;15;3
804;28.81;5;22;9;1
805;13.93;4;11;19;2
806;83.69;2;6;15;3
807;18.35;5;22;9;1
808;28.67;4;11;19;2
809;98.44;2;6;15;3
810;16.94;5;22;9;1
811;43.41;4;11;19;2
812;98.44;2;6;15;3
813;23.87;5;22;9;1
814;62.46;4;11;19;2
815;98.44;2;6;15;3
816;42.57;5;22;9;1
817;81.21;4;11;19;2
818;98.44;2;6;15;3
819;56.32;5;22;9;1
820;87.78;4;11;19;2
821;97.71;2;6;15;3
822;52.64;5;23;8;1
823;86.73;4;11;19;2
824;95.86;2;6;15;3
825;45.28;5;23;8;1
826;73.47;4;11;19;2
827;91.72;2;6;15;3
828;36.92;5;23;8;1
829;46.95;4;12;13;2
830;83.44;2;6;15;3
831;23.82;5;23;8;1
832;36.16;4;12;13;2
833;66.88;3;7;17;3
834;8.05;5;23;8;1
835;22.54;4;12;13;2
836;33.97;3;7;17;3
837;5.17;5;23;8;1
838;6.77;4;12;13;2
839;15.15;3;7;17;3
840;10.14;5;23;8;1
841;3.52;4;12;13;2
842;3.09;3;7;17;3
843;20.32;5;23;8;1
844;7.96;4;12;13;2
845;7.74;3;7;17;3
846;31.56;5;23;8;1
847;17.03;4;12;13;2
848;16.61;3;7;17;3
849;26.56;5;23;8;1
850;34.87;4;12;13;2
851;34.78;3;7;17;3
852;13.94;5;23;8;1
853;56.57;4;12;13;2
854;57.13;3;7;17;3
855;11.61;5;23;8;1
856;69.44;4;12;13;2
857;70.27;3;7;17;3
858;23.27;5;24;12;1
859;77.21;4;12;13;2
860;90.31;3;7;17;3
861;31.22;6;24;12;1
862;79.36;4;12;13;2
863;81.14;3;7;17;3
864;42.34;6;24;12;1
865;72.22;4;13;11;2
866;90.2;3;7;17;3
867;31.13;6;24;12;1
868;44.7;4;13;11;2
869;80.4;3;7;17;3
870;22.69;6;24;12;1
871;36.15;4;13;11;2
872;60.8;3;8;13;3
873;12.68;6;24;12;1
874;21.62;4;13;11;2
875;35.27;3;8;13;3
876;9.66;6;24;12;1
877;6.43;4;13;11;2
878;20.98;3;8;13;3
879;13.92;6;24;12;1
880;2.14;4;13;11;2
881;9.15;3;8;13;3
882;22.0;6;24;12;1
883;4.82;4;13;11;2
884;2.59;3;8;13;3
885;27.68;6;24;12;1
886;10.18;4;13;11;2
887;6.54;3;8;13;3
888;28.62;6;24;12;1
889;21.35;4;13;11;2
890;14.3;3;8;13;3
891;25.63;6;24;12;1
892;39.81;4;13;11;2
893;29.5;3;8;13;3
894;18.93;6;25;11;1
895;52.78;4;13;11;2
896;53.51;3;8;13;3
897;21.01;6;25;11;1
898;56.09;4;13;11;2
899;74.72;3;8;13;3
900;22.25;6;25;11;1
901;62.96;4;13;11;2
902;88.31;3;8;13;3
903;12.79;6;25;11;1
904;75.7;4;13;11;2
905;89.69;3;8;13;3
906;8.76;6;25;11;1
907;72.16;4;14;14;2
908;79.39;3;9;12;3
909;14.15;6;25;11;1
910;56.82;5;14;14;2
911;58.96;3;9;12;3
912;28.39;6;25;11;1
913;39.9;5;14;14;2
914;43.23;3;9;12;3
915;36.96;6;25;11;1
916;29.85;5;14;14;2
917;21.19;3;9;12;3
918;28.27;6;25;11;1
919;10.18;5;14;14;2
920;9.76;3;9;12;3
921;16.32;6;25;11;1
922;4.04;5;14;14;2
923;15.56;3;9;12;3
924;11.4;6;25;11;1
925;8.74;5;14;14;2
926;32.35;3;9;12;3
927;14.56;6;25;11;1
928;17.88;5;14;14;2
929;54.27;3;9;12;3
930;12.57;6;25;11;1
931;36.49;5;14;14;2
932;68.58;3;9;12;3
933;25.5;6;25;11;1
934;54.36;5;14;14;2
935;70.77;3;9;12;3
936;18.14;6;25;11;1
937;62.04;5;14;14;2
938;74.73;3;9;12;3
939;18.35;6;25;11;1
940;64.39;5;14;14;2
941;83.25;3;9;12;3
942;19.54;6;26;17;1
943;39.5;5;14;14;2
944;66.52;3;10;12;3
945;22.24;6;26;17;1
946;40.69;5;14;14;2
947;54.73;3;10;12;3
948;26.5;6;26;17;1
949;21.38;5;14;14;2
950;42.51;3;10;12;3
951;19.26;6;26;17;1
952;18.17;5;14;14;2
953;24.97;3;10;12;3
954;8.57;6;26;17;1
955;15.95;5;15;15;2
956;17.66;3;10;12;3
957;2.51;6;26;17;1
958;11.7;5;15;15;2
959;7.15;3;10;12;3
960;5.15;6;26;17;1
961;3.32;5;15;15;2
962;14.86;3;10;12;3
963;10.67;6;26;17;1
964;0.76;5;15;15;2
965;28.96;3;10;12;3
966;20.38;6;26;17;1
967;1.94;5;15;15;2
968;57.04;3;10;12;3
969;24.41;6;26;17;1
970;3.89;5;15;15;2
971;74.78;3;10;12;3
972;24.59;6;26;17;1
973;8.52;5;15;15;2
974;83.39;3;10;12;3
975;26.29;6;26;17;1
976;17.79;5;15;15;2
977;92.77;3;10;12;3
978;22.97;6;26;17;1
979;28.73;5;15;15;2
980;85.55;3;10;12;3
981;21.62;6;27;12;1
982;37.8;5;15;15;2
983;71.1;3;11;12;3
984;19.97;6;27;12;1
985;49.2;5;15;15;2
986;49.22;3;11;12;3
987;18.91;6;27;12;1
988;59.21;5;15;15;2
989;32.25;3;11;12;3
990;10.68;6;27;12;1
991;58.42;5;15;15;2
992;12.14;3;11;12;3
993;4.36;6;27;12;1
994;43.65;5;16;12;2
995;4.65;3;11;12;3
996;4.73;6;27;12;1
997;27.29;5;16;12;2
998;10.49;3;11;12;3
999;9.37;6;27;12;1
1000;6.98;5;16;12;2
1001;21.89;3;11;12;3
1002;15.52;6;27;12;1
1003;1.78;5;16;12;2
1004;44.55;3;11;12;3
1005;23.13;6;27;12;1
1006;4.01;5;16;12;2
1007;59.47;3;11;12;3
1008;13.11;6;27;12;1
1009;8.37;5;16;12;2
1010;78.97;3;11;12;3
1011;15.28;6;27;12;1
1012;17.23;5;16;12;2
1013;91.26;3;11;12;3
1014;30.23;6;27;12;1
1015;35.26;5;16;12;2
1016;84.84;3;11;12;3
1017;33.97;7;28;11;1
1018;46.05;5;16;12;2
1019;69.7;4;12;11;3
1020;29.27;7;28;11;1
1021;52.24;5;16;12;2
1022;47.36;4;12;11;3
1023;20.39;7;28;11;1
1024;50.28;5;16;12;2
1025;28.11;4;12;11;3
1026;7.37;7;28;11;1
1027;52.76;5;17;10;2
1028;12.29;4;12;11;3
1029;1.24;7;28;11;1
1030;34.93;5;17;10;2
1031;5.5;4;12;11;3
1032;2.44;7;28;11;1
1033;19.25;5;17;10;2
1034;11.55;4;12;11;3
1035;4.58;7;28;11;1
1036;5.02;5;17;10;2
1037;22.76;4;12;11;3
1038;8.96;7;28;11;1
1039;1.88;5;17;10;2
1040;27.16;4;12;11;3
1041;17.97;7;28;11;1
1042;4.58;5;17;10;2
1043;29.6;4;12;11;3
1044;19.82;7;28;11;1
1045;9.85;5;17;10;2
1046;34.52;4;12;11;3
1047;17.56;7;28;11;1
1048;20.64;5;17;10;2
1049;33.08;4;12;11;3
1050;17.34;7;28;11;1
1051;28.94;5;17;10;2
1052;30.99;4;12;11;3
1053;17.61;7;28;11;1
1054;38.04;5;17;10;2
1055;35.98;4;12;11;3
1056;20.59;7;28;11;1
1057;49.31;5;17;10;2
1058;46.72;4;12;11;3
1059;19.27;7;28;11;1
1060;46.68;5;17;10;2
1061;43.83;4;12;11;3
1062;9.91;7;28;11;1
1063;49.88;5;17;10;2
1064;35.55;4;12;11;3
1065;15.97;7;28;11;1
1066;40.09;5;17;10;2
1067;21.51;4;12;11;3
1068;18.03;7;28;11;1
1069;38.21;5;18;14;2
1070;6.16;4;12;11;3
1071;13.43;7;28;11;1
1072;40.83;5;18;14;2
1073;12.22;4;12;11;3
1074;12.52;7;28;11;1
1075;29.63;5;18;14;2
1076;24.84;4;12;11;3
1077;10.69;7;28;11;1
1078;17.87;5;18;14;2
1079;25.07;4;12;11;3
1080;6.96;7;29;21;1
1081;16.9;5;18;14;2
1082;24.97;4;12;11;3
1083;13.8;7;29;21;1
1084;13.65;5;18;14;2
1085;24.44;4;12;11;3
1086;13.18;7;29;21;1
1087;25.61;5;18;14;2
1088;23.38;4;12;11;3
1089;12.31;7;29;21;1
1090;51.51;5;18;14;2
1091;21.51;4;13;24;3
1092;10.4;7;29;21;1
1093;65.83;5;18;14;2
1094;18.02;4;13;24;3
1095;6.67;7;29;21;1
1096;67.06;5;18;14;2
1097;11.82;4;13;24;3
1098;13.0;7;29;21;1
1099;47.53;5;19;10;2
1100;3.77;4;13;24;3
1101;15.98;7;29;21;1
1102;27.46;5;19;10;2
1103;8.63;4;13;24;3
1104;13.25;7;29;21;1
1105;9.93;5;19;10;2
1106;17.6;4;13;24;3
1107;11.8;7;29;21;1
1108;2.09;5;19;10;2
1109;35.55;4;13;24;3
1110;9.98;7;29;21;1
1111;4.52;5;19;10;2
1112;55.49;4;13;24;3
1113;10.03;7;29;21;1
1114;9.77;5;19;10;2
1115;61.63;4;13;24;3
1116;5.73;7;29;21;1
1117;19.84;5;19;10;2
1118;51.69;4;14;9;3
1119;3.96;7;29;21;1
1120;39.92;5;19;10;2
1121;33.64;4;14;9;3
1122;7.35;7;29;21;1
1123;53.34;5;19;10;2
1124;29.76;4;14;9;3
1125;14.13;7;30;15;1
1126;54.59;5;19;10;2
1127;22.05;4;14;9;3
1128;22.7;7;30;15;1
1129;49.03;5;19;10;2
1130;20.27;4;14;9;3
1131;13.94;7;30;15;1
1132;37.85;5;19;10;2
1133;16.54;4;14;9;3
1134;3.52;7;30;15;1
1135;31.11;5;19;10;2
1136;21.21;4;14;9;3
1137;2.75;7;30;15;1
1138;21.43;6;20;12;2
1139;41.95;4;14;9;3
1140;5.7;7;30;15;1
1141;10.87;6;20;12;2
1142;54.29;4;14;9;3
1143;11.56;7;30;15;1
1144;1.93;6;20;12;2
1145;58.71;4;14;9;3
1146;22.99;7;30;15;1
1147;1.83;6;20;12;2
1148;43.32;4;14;9;3
1149;29.42;7;30;15;1
1150;4.14;6;20;12;2
1151;22.41;4;15;11;3
1152;18.25;7;30;15;1
1153;8.67;6;20;12;2
1154;19.59;4;15;11;3
1155;9.45;7;30;15;1
1156;17.28;6;20;12;2
1157;22.61;4;15;11;3
1158;6.49;7;30;15;1
1159;34.79;6;20;12;2
1160;20.8;4;15;11;3
1161;2.56;7;30;15;1
1162;43.75;6;20;12;2
1163;17.53;4;15;11;3
1164;4.5;7;30;15;1
1165;38.93;6;20;12;2
1166;11.38;4;15;11;3
1167;8.08;7;30;15;1
1168;34.79;6;20;12;2
1169;22.9;4;15;11;3
1170;8.53;7;30;15;1
1171;19.47;6;20;12;2
1172;44.6;4;15;11;3
1173;2.64;7;31;15;1
1174;11.27;6;21;11;2
1175;61.66;4;15;11;3
1176;3.99;8;31;15;1
1177;7.38;6;21;11;2
1178;70.83;5;16;7;3
1179;7.43;8;31;15;1
1180;14.53;6;21;11;2
1181;65.91;5;16;7;3
1182;8.74;8;31;15;1
1183;12.49;6;21;11;2
1184;47.26;5;16;7;3
1185;2.81;8;31;15;1
1186;8.24;6;21;11;2
1187;21.83;5;16;7;3
1188;1.02;8;31;15;1
1189;3.39;6;21;11;2
1190;8.91;5;16;7;3
1191;1.71;8;31;15;1
1192;6.97;6;21;11;2
1193;4.45;5;16;7;3
1194;3.47;8;31;15;1
1195;14.14;6;21;11;2
1196;9.01;5;16;7;3
1197;6.22;8;31;15;1
1198;21.57;6;21;11;2
1199;18.37;5;16;7;3
1200;11.15;8;31;15;1
1201;26.34;6;21;11;2
1202;25.26;5;16;7;3
1203;10.0;8;31;15;1
1204;26.3;6;21;11;2
1205;31.13;5;16;7;3
1206;12.57;8;31;15;1
1207;27.62;6;21;11;2
1208;30.52;5;16;7;3
1209;10.41;8;31;15;1
1210;32.07;6;21;11;2
1211;36.95;5;16;7;3
1212;9.91;8;31;15;1
1213;30.91;6;21;11;2
1214;41.61;5;16;7;3
1215;10.01;8;31;15;1
1216;32.17;6;22;13;2
1217;35.29;5;16;7;3
1218;14.28;8;31;15;1
1219;30.0;6;22;13;2
1220;24.58;5;16;7;3
1221;15.93;8;31;15;1
1222;20.55;6;22;13;2
1223;10.37;5;16;7;3
1224;19.62;8;32;16;1
1225;7.65;6;22;13;2
1226;17.35;5;17;16;3
1227;13.74;8;32;16;1
1228;6.02;6;22;13;2
1229;14.51;5;17;16;3
1230;6.25;8;32;16;1
1231;5.13;6;22;13;2
1232;8.75;5;17;16;3
1233;0.38;8;32;16;1
1234;10.31;6;22;13;2
1235;1.01;5;17;16;3
1236;0.53;8;32;16;1
1237;20.88;6;22;13;2
1238;2.13;5;17;16;3
1239;0.96;8;32;16;1
1240;28.2;6;22;13;2
1241;3.99;5;17;16;3
1242;1.7;8;32;16;1
1243;32.89;6;22;13;2
1244;7.99;5;17;16;3
1245;3.24;8;32;16;1
1246;30.53;6;22;13;2
1247;15.95;5;17;16;3
1248;5.83;8;32;16;1
1249;23.46;6;22;13;2
1250;23.81;5;17;16;3
1251;11.48;8;32;16;1
1252;21.75;6;22;12;2
1253;27.72;5;17;16;3
1254;14.78;8;32;16;1
1255;16.17;6;23;12;2
1256;23.2;5;17;16;3
1257;11.77;8;32;16;1
1258;15.03;6;23;12;2
1259;26.27;5;17;16;3
1260;13.52;8;32;16;1
1261;10.07;6;23;12;2
1262;26.14;5;17;16;3
1263;12.96;8;32;16;1
1264;3.87;6;23;12;2
1265;28.28;5;17;16;3
1266;11.43;8;32;16;1
1267;4.28;6;23;12;2
1268;23.96;5;18;14;3
1269;10.87;8;32;16;1
1270;8.52;6;23;12;2
1271;15.93;5;18;14;3
1272;9.24;8;33;16;1
1273;17.23;6;23;12;2
1274;8.72;5;18;14;3
1275;13.1;8;33;16;1
1276;22.85;6;23;12;2
1277;1.27;5;18;14;3
1278;11.57;8;33;16;1
1279;24.74;6;23;12;2
1280;2.6;5;18;14;3
1281;5.0;8;33;16;1
1282;24.16;6;23;12;2
1283;5.31;5;18;14;3
1284;1.39;8;33;16;1
1285;24.85;6;23;12;2
1286;10.39;5;18;14;3
1287;2.82;8;33;16;1
1288;30.38;6;23;12;2
1289;21.07;5;18;14;3
1290;5.63;8;33;16;1
1291;27.1;6;23;12;2
1292;26.56;5;18;14;3
1293;11.28;8;33;16;1
1294;19.37;7;24;13;2
1295;25.38;5;18;14;3
1296;15.8;8;33;16;1
1297;14.59;7;24;13;2
1298;22.62;5;18;14;3
1299;16.07;8;33;16;1
1300;7.27;7;24;13;2
1301;26.61;5;18;14;3
1302;16.49;8;33;16;1
1303;1.96;7;24;13;2
1304;41.85;5;19;12;3
1305;22.22;8;33;16;1
1306;3.44;7;24;13;2
1307;40.39;5;19;12;3
1308;21.79;8;33;16;1
1309;7.1;7;24;13;2
1310;41.1;5;19;12;3
1311;18.54;8;33;16;1
1312;13.85;7;24;13;2
1313;52.44;5;19;12;3
1314;21.96;8;34;14;1
1315;27.44;7;24;13;2
1316;25.34;5;19;12;3
1317;29.96;8;34;14;1
1318;16.9;7;24;13;2
1319;15.01;5;19;12;3
1320;22.33;8;34;14;1
1321;6.71;7;24;13;2
1322;28.94;5;19;12;3
1323;13.27;8;34;14;1
1324;12.64;7;24;13;2
1325;26.72;5;19;12;3
1326;4.85;8;34;14;1
1327;10.66;7;24;13;2
1328;33.38;5;19;12;3
1329;4.66;8;34;14;1
1330;7.08;7;24;13;2
1331;38.68;5;19;12;3
1332;9.34;8;34;14;1
1333;4.25;7;24;13;2
1334;35.4;5;19;12;3
1335;16.01;8;34;14;1
1336;8.31;7;24;13;2
1337;24.79;5;19;12;3
1338;14.35;8;34;14;1
1339;12.92;7;24;13;2
1340;15.99;5;19;12;3
1341;13.54;8;34;14;1
1342;11.65;7;24;13;2
1343;15.98;5;20;12;3
1344;14.59;8;34;14;1
1345;17.06;7;24;13;2
1346;11.25;5;20;12;3
1347;16.19;8;34;14;1
1348;22.13;7;24;13;2
1349;2.98;5;20;12;3
1350;14.75;8;34;14;1
1351;10.27;7;24;13;2
1352;4.26;5;20;12;3
1353;8.18;8;35;13;1
1354;6.12;7;24;13;2
1355;9.26;5;20;12;3
1356;3.55;9;35;13;1
1357;10.67;7;25;21;2
1358;18.93;5;20;12;3
1359;0.62;9;35;13;1
1360;6.64;7;25;21;2
1361;37.67;5;20;12;3
1362;1.27;9;35;13;1
1363;1.08;7;25;21;2
1364;56.55;5;20;12;3
1365;2.43;9;35;13;1
1366;1.77;7;25;21;2
1367;56.7;5;20;12;3
1368;5.04;9;35;13;1
1369;3.1;7;25;21;2
1370;30.6;5;20;12;3
1371;6.83;9;35;13;1
1372;5.9;7;25;21;2
1373;13.4;5;21;10;3
1374;9.6;9;35;13;1
1375;11.98;7;25;21;2
1376;0.41;6;21;10;3
1377;9.49;9;35;13;1
1378;14.29;7;25;21;2
1379;0.24;6;21;10;3
1380;9.51;9;35;13;1
1381;14.51;7;25;21;2
1382;0.28;6;21;10;3
1383;9.48;9;35;13;1
1384;17.24;7;25;21;2
1385;0.66;6;21;10;3
1386;7.75;9;35;13;1
1387;16.6;7;25;21;2
1388;1.83;6;21;10;3
1389;10.28;9;35;13;1
1390;15.71;7;25;21;2
1391;3.32;6;21;10;3
1392;10.38;9;35;13;1
1393;11.23;7;25;21;2
1394;6.79;6;21;10;3
1395;9.02;9;35;13;1
1396;11.0;7;25;21;2
1397;13.37;6;21;10;3
1398;6.22;9;35;13;1
1399;7.44;7;26;14;2
1400;26.58;6;21;10;3
1401;3.84;9;35;13;1
1402;10.18;7;26;14;2
1403;34.77;6;21;10;3
1404;7.02;9;36;16;1
1405;13.2;7;26;14;2
1406;24.31;6;21;10;3
1407;7.16;9;36;16;1
1408;12.06;7;26;14;2
1409;27.16;6;21;10;3
1410;4.97;9;36;16;1
1411;9.74;7;26;14;2
1412;23.66;6;21;10;3
1413;7.91;9;36;16;1
1414;3.05;7;26;14;2
1415;17.83;6;21;10;3
1416;4.44;9;36;16;1
1417;5.88;7;26;14;2
1418;13.49;6;21;10;3
1419;4.73;9;36;16;1
1420;11.53;7;26;14;2
1421;9.32;6;22;15;3
1422;8.83;9;36;16;1
1423;15.32;7;26;14;2
1424;1.7;6;22;15;3
1425;10.02;9;36;16;1
1426;16.25;7;26;14;2
1427;1.07;6;22;15;3
1428;7.04;9;36;16;1
1429;20.79;7;26;14;2
1430;2.31;6;22;15;3
1431;9.97;9;36;16;1
1432;14.01;7;26;14;2
1433;4.36;6;22;15;3
1434;8.7;9;36;16;1
1435;14.07;7;26;14;2
1436;8.22;6;22;15;3
1437;5.47;9;36;16;1
1438;16.37;7;26;14;2
1439;16.11;6;22;15;3
1440;8.29;9;37;12;1
1441;6.94;7;26;14;2
1442;28.89;6;22;15;3
1443;15.14;9;37;12;1
1444;3.03;7;26;14;2
1445;25.71;6;22;15;3
1446;15.99;9;37;12;1
1447;5.49;7;27;16;2
1448;8.95;6;22;15;3
1449;10.7;9;37;12;1
1450;10.36;7;27;16;2
1451;2.74;6;22;15;3
1452;7.71;9;37;12;1
1453;18.1;7;27;16;2
1454;5.15;6;22;15;3
1455;3.88;9;37;12;1
1456;12.52;7;27;16;2
1457;9.96;6;22;15;3
1458;7.44;9;37;12;1
1459;3.4;7;27;16;2
1460;8.93;6;22;15;3
1461;14.53;9;37;12;1
1462;6.1;7;27;16;2
1463;0.88;6;22;15;3
1464;12.81;9;37;12;1
1465;11.77;7;27;16;2
1466;0.43;6;22;15;3
1467;7.91;9;37;12;1
1468;17.84;7;27;16;2
1469;0.86;6;22;15;3
1470;10.17;9;38;9;1
1471;20.97;7;27;16;2
1472;1.83;6;22;15;3
1473;12.2;9;38;9;1
1474;11.67;7;27;16;2
1475;3.62;6;22;15;3
1476;16.42;9;38;9;1
1477;0.64;7;27;16;2
1478;6.77;6;22;15;3
1479;19.58;9;38;9;1
1480;0.65;7;27;16;2
1481;13.05;6;22;15;3
1482;6.35;9;38;9;1
1483;1.32;7;27;16;2
1484;15.11;6;22;15;3
1485;8.07;9;38;9;1
1486;2.89;7;27;16;2
1487;19.39;6;22;15;3
1488;15.34;9;38;9;1
1489;5.73;7;27;16;2
1490;10.12;6;22;15;3
1491;18.22;9;38;9;1
1492;10.46;7;27;16;2
1493;1.25;6;22;15;3
1494;20.53;9;38;9;1
1495;20.71;7;27;16;2
1496;0.5;6;22;15;3
1497;8.63;8;39;9;1
1498;26.95;7;27;16;2
1499;0.35;6;23;26;3
1500;12.16;8;39;9;1
1501;25.33;8;28;18;2
1502;0.37;6;23;26;3
1503;14.36;8;39;9;1
1504;16.82;8;28;18;2
1505;0.41;6;23;26;3
1506;9.88;8;39;9;1
1507;9.08;8;28;18;2
1508;0.34;6;23;26;3
1509;6.75;8;39;9;1
1510;8.87;8;28;18;2
1511;0.34;6;23;26;3
1512;7.36;8;39;9;1
1513;3.34;8;28;18;2
1514;0.79;6;23;26;3
1515;14.59;8;39;9;1
1516;0.73;8;28;18;2
1517;1.01;6;23;26;3
1518;20.83;8;39;9;1
1519;1.42;8;28;18;2
1520;2.06;6;23;26;3
1521;25.29;8;39;9;1
1522;2.61;8;28;18;2
1523;4.38;6;23;26;3
1524;11.47;8;39;9;1
1525;5.0;8;28;18;2
1526;8.47;6;23;26;3
1527;3.07;8;39;9;1
1528;10.46;8;28;18;2
1529;16.83;6;23;26;3
1530;0.64;8;39;9;1
1531;19.38;8;28;18;2
1532;17.19;6;23;26;3
1533;0.91;8;39;9;1
1534;26.23;8;28;18;2
1535;17.53;6;23;26;3
1536;0.58;8;39;9;1
1537;23.91;8;28;18;2
1538;21.83;6;23;26;3
1539;0.64;8;39;9;1
1540;22.32;8;28;18;2
1541;16.33;6;24;15;3
1542;1.04;8;39;9;1
1543;26.28;8;29;14;2
1544;19.69;6;24;15;3
1545;1.71;8;39;9;1
1546;14.94;8;29;14;2
1547;24.88;6;24;15;3
1548;3.3;8;39;9;1
1549;8.26;8;29;14;2
1550;16.72;6;24;15;3
1551;6.25;8;39;9;1
1552;2.76;8;29;14;2
1553;13.15;6;24;15;3
1554;3.62;8;39;9;1
1555;1.23;8;29;14;2
1556;9.5;6;24;15;3
1557;0.3;8;39;9;1
1558;2.28;8;29;14;2
1559;18.84;6;24;15;3
1560;0.67;8;39;9;1
1561;4.75;8;29;14;2
1562;25.37;6;24;15;3
1563;1.34;7;40;23;1
1564;8.99;8;29;14;2
1565;29.67;6;24;15;3
1566;1.81;7;40;23;1
1567;17.73;8;29;14;2
1568;19.29;6;24;15;3
1569;2.94;7;40;23;1
1570;27.58;8;29;14;2
1571;3.2;6;24;15;3
1572;5.97;7;40;23;1
1573;26.04;8;29;14;2
1574;4.75;7;25;10;3
1575;8.42;7;40;23;1
1576;16.28;8;29;14;2
1577;9.09;7;25;10;3
1578;5.26;7;40;23;1
1579;4.04;8;29;14;2
1580;17.49;7;25;10;3
1581;10.31;7;40;23;1
1582;1.21;8;29;14;2
1583;17.87;7;25;10;3
1584;20.13;7;40;23;1
1585;2.18;8;29;14;2
1586;7.89;7;25;10;3
1587;19.98;7;40;23;1
1588;4.23;8;29;14;2
1589;8.62;7;25;10;3
1590;10.3;7;40;23;1
1591;7.83;8;29;14;2
1592;16.8;7;25;10;3
1593;6.47;7;40;23;1
1594;3.55;8;29;14;2
1595;27.32;7;26;7;3
1596;10.2;7;40;23;1
1597;0.36;8;29;14;2
1598;24.4;7;26;7;3
1599;6.06;7;40;23;1
1600;0.35;8;29;14;2
1601;23.64;7;26;7;3
1602;7.14;7;40;23;1
1603;0.21;8;29;14;2
1604;26.98;7;26;7;3
1605;13.99;7;40;23;1
1606;0.48;8;29;14;2
1607;11.53;7;26;7;3
1608;15.7;7;40;23;1
1609;0.95;8;29;14;2
1610;6.19;7;26;7;3
1611;12.25;7;40;23;1
1612;1.28;8;30;24;2
1613;12.25;7;26;7;3
1614;7.66;7;40;23;1
1615;2.31;8;30;24;2
1616;21.08;7;26;7;3
1617;0.9;7;40;23;1
1618;4.49;8;30;24;2
1619;25.46;7;26;7;3
1620;0.09;7;40;23;1
1621;9.12;8;30;24;2
1622;23.79;7;26;7;3
1623;0.0;7;0;0;1
1624;6.89;8;30;24;2
1625;11.68;7;26;7;3
1626;0.0;7;0;0;1
1627;7.1;8;30;24;2
1628;5.87;7;27;11;3
1629;0.0;7;0;0;1
1630;14.13;8;30;24;2
1631;1.75;7;27;11;3
1632;0.0;7;0;0;1
1633;27.51;8;30;24;2
1634;2.79;7;27;11;3
1635;0.0;6;0;0;1
1636;31.4;8;30;24;2
1637;4.87;7;27;11;3
1638;0.0;6;0;0;1
1639;22.44;8;30;24;2
1640;8.88;7;27;11;3
1641;0.0;2;0;0;1
1642;11.12;8;30;24;2
1643;3.06;7;27;11;3
1644;0.0;1;0;0;1
1645;1.87;8;30;24;2
1646;0.58;7;27;11;3
1647;0.0;1;0;0;1
1648;0.38;8;30;24;2
1649;0.87;7;27;11;3
1650;0.0;0;0;0;1
1651;0.26;8;30;24;2
1652;1.45;7;27;11;3
1653;0.0;0;0;0;1
1654;0.28;8;30;24;2
1655;2.58;7;27;11;3
1656;0.0;0;0;0;1
1657;0.19;8;30;24;2
1658;4.91;7;27;11;3
1659;0.0;0;0;0;1
1660;0.39;8;30;24;2
1661;9.69;7;27;11;3
1662;0.0;0;0;0;1
1663;0.41;8;30;24;2
1664;17.93;7;27;11;3
1665;0.0;0;0;0;1
1666;0.33;8;30;24;2
1667;9.52;7;27;11;3
1668;0.0;0;0;0;1
1669;0.29;8;30;24;2
1670;9.69;7;27;11;3
1671;0.0;0;0;0;1
1672;0.35;8;30;24;2
1673;12.83;7;27;11;3
1674;0.0;0;0;0;1
1675;0.63;8;30;24;2
1676;23.09;7;27;11;3
1677;0.0;0;0;0;1
1678;1.14;8;30;24;2
1679;26.32;6;28;16;3
1680;0.0;0;0;0;1
1681;2.29;8;31;23;2
1682;17.93;6;28;16;3
1683;0.0;0;0;0;1
1684;3.96;9;31;23;2
1685;3.19;6;28;16;3
1686;0.0;0;0;0;1
1687;7.67;9;31;23;2
1688;0.77;6;28;16;3
1689;0.0;0;0;0;1
1690;13.97;9;31;23;2
1691;1.66;6;28;16;3
1692;0.0;0;0;0;1
1693;8.67;9;31;23;2
1694;3.54;6;28;16;3
1695;0.0;0;0;0;1
1696;1.02;9;31;23;2
1697;7.08;6;28;16;3
1698;0.0;0;0;0;1
1699;1.84;9;31;23;2
1700;13.84;6;28;16;3
1701;0.0;0;0;0;1
1702;3.76;9;31;23;2
1703;24.88;6;28;16;3
1704;0.0;0;0;0;1
1705;7.53;9;31;23;2
1706;34.57;6;28;16;3
1707;0.0;0;0;0;1
1708;14.76;9;31;23;2
1709;24.58;6;28;16;3
1710;0.0;0;0;0;1
1711;23.28;9;31;23;2
1712;7.95;6;28;16;3
1713;0.0;0;0;0;1
1714;18.94;9;31;23;2
1715;5.4;5;29;10;3
1716;0.0;0;0;0;1
1717;15.9;9;31;23;2
1718;10.52;5;29;10;3
1719;0.0;0;0;0;1
1720;12.36;9;31;23;2
1721;19.75;5;29;10;3
1722;0.0;0;0;0;1
1723;9.27;9;31;23;2
1724;20.53;5;29;10;3
1725;0.0;0;0;0;1
1726;9.22;9;32;13;2
1727;14.11;5;29;10;3
1728;0.0;0;0;0;1
1729;5.7;9;32;13;2
1730;20.49;5;29;10;3
1731;0.0;0;0;0;1
1732;0.84;9;32;13;2
1733;40.98;5;29;10;3
1734;0.0;0;0;0;1
1735;1.48;9;32;13;2
1736;57.56;5;29;10;3
1737;0.0;0;0;0;1
1738;3.02;9;32;13;2
1739;70.13;5;29;8;3
1740;0.0;0;0;0;1
1741;5.97;9;32;13;2
1742;52.67;4;30;8;3
1743;0.0;0;0;0;1
1744;11.74;9;32;13;2
1745;28.05;4;30;8;3
1746;0.0;0;0;0;1
1747;20.79;9;32;13;2
1748;7.56;4;30;8;3
1749;0.0;0;0;0;1
1750;20.78;9;32;13;2
1751;2.91;4;30;8;3
1752;0.0;0;0;0;1
1753;19.13;9;32;9;2
1754;7.21;4;30;8;3
1755;0.0;0;0;0;1
1756;13.7;9;33;9;2
1757;15.02;4;30;8;3
1758;0.0;0;0;0;1
1759;10.54;9;33;9;2
1760;30.78;4;30;8;3
1761;0.0;0;0;0;1
1762;5.69;9;33;9;2
1763;54.93;4;30;8;3
1764;0.0;0;0;0;1
1765;6.61;9;33;9;2
1766;67.11;4;31;7;3
1767;0.0;0;0;0;1
1768;7.95;9;33;9;2
1769;70.72;5;31;7;3
1770;0.0;0;0;0;1
1771;7.79;9;33;9;2
1772;53.2;5;31;7;3
1773;0.0;0;0;0;1
1774;15.14;9;33;9;2
1775;43.23;5;31;7;3
1776;0.0;0;0;0;1
1777;14.54;9;33;9;2
1778;23.69;5;31;7;3
1779;0.0;0;0;0;1
1780;11.48;9;33;9;2
1781;8.97;5;31;7;3
1782;0.0;0;0;0;1
1783;7.9;9;33;9;2
1784;17.87;5;31;7;3
1785;0.0;0;0;0;1
1786;5.49;9;33;9;2
1787;35.35;6;32;6;3
1788;0.0;0;0;0;1
1789;3.67;9;33;9;2
1790;54.43;6;32;6;3
1791;0.0;0;0;0;1
1792;7.06;9;33;9;2
1793;56.52;6;32;6;3
1794;0.0;0;0;0;1
1795;11.91;9;33;9;2
1796;34.63;6;32;6;3
1797;0.0;0;0;0;1
1798;12.49;9;33;9;2
1799;16.6;6;32;6;3
1800;0.0;0;0;0;1
1801;6.99;9;34;15;2
1802;12.72;6;32;6;3
1803;0.0;0;0;0;1
1804;5.67;9;34;15;2
1805;25.38;6;32;6;3
1806;0.0;0;0;0;1
1807;2.39;9;34;15;2
1808;42.26;7;33;6;3
1809;0.0;0;0;0;1
1810;1.51;9;34;15;2
1811;41.85;7;33;6;3
1812;0.0;0;0;0;1
1813;2.6;9;34;15;2
1814;33.71;7;33;6;3
1815;0.0;0;0;0;1
1816;4.76;9;34;15;2
1817;21.34;7;33;6;3
1818;0.0;0;0;0;1
1819;9.2;9;34;15;2
1820;9.07;7;33;6;3
1821;0.0;0;0;0;1
1822;10.1;9;34;15;2
1823;12.08;7;33;6;3
1824;0.0;0;0;0;1
1825;10.15;9;34;15;2
1826;24.03;7;33;6;3
1827;0.0;0;0;0;1
1828;2.61;9;34;15;2
1829;26.78;7;33;6;3
1830;0.0;0;0;0;1
1831;3.51;9;34;15;2
1832;31.86;7;33;6;3
1833;0.0;0;0;0;1
1834;6.69;9;34;15;2
1835;15.43;7;33;6;3
1836;0.0;0;0;0;1
1837;12.95;9;35;12;2
1838;16.88;7;33;6;3
1839;0.0;0;0;0;1
1840;16.36;9;35;12;2
1841;5.04;7;34;6;3
1842;0.0;0;0;0;1
1843;14.8;9;35;12;2
1844;0.39;7;34;6;3
1845;0.0;0;0;0;1
1846;17.51;9;35;12;2
1847;0.75;7;34;6;3
1848;0.0;0;0;0;1
1849;9.97;9;35;12;2
1850;1.22;7;34;6;3
1851;0.0;0;0;0;1
1852;6.09;9;35;12;2
1853;2.33;7;34;6;3
1854;0.0;0;0;0;1
1855;11.94;9;35;12;2
1856;4.4;7;34;6;3
1857;0.0;0;0;0;1
1858;22.45;9;35;12;2
1859;8.48;7;34;6;3
1860;0.0;0;0;0;1
1861;26.47;9;35;12;2
1862;16.61;7;34;6;3
1863;0.0;0;0;0;1
1864;29.52;9;35;12;2
1865;16.37;7;34;6;3
1866;0.0;0;0;0;1
1867;13.21;9;36;10;2
1868;14.9;7;34;6;3
1869;0.0;0;0;0;1
1870;16.78;9;36;10;2
1871;18.66;7;35;10;3
1872;0.0;0;0;0;1
1873;12.66;9;36;10;2
1874;16.84;7;35;10;3
1875;0.0;0;0;0;1
1876;10.84;9;36;10;2
1877;18.26;7;35;10;3
1878;0.0;0;0;0;1
1879;6.8;9;36;10;2
1880;12.92;7;35;10;3
1881;0.0;0;0;0;1
1882;5.66;9;36;10;2
1883;7.6;7;35;10;3
1884;0.0;0;0;0;1
1885;7.57;9;36;10;2
1886;5.19;7;35;10;3
1887;0.0;0;0;0;1
1888;13.54;9;36;10;2
1889;10.5;7;35;10;3
1890;0.0;0;0;0;1
1891;13.67;9;36;10;2
1892;15.22;7;35;10;3
1893;0.0;0;0;0;1
1894;16.15;9;36;10;2
1895;12.04;7;35;10;3
1896;0.0;0;0;0;1
1897;17.15;9;36;10;2
1898;17.47;7;35;10;3
1899;0.0;0;0;0;1
1900;16.22;9;36;11;2
1901;23.0;7;35;9;3
1902;0.0;0;0;0;1
1903;9.44;9;37;11;2
1904;27.87;7;36;9;3
1905;0.0;0;0;0;1
1906;7.55;9;37;11;2
1907;21.31;7;36;9;3
1908;0.0;0;0;0;1
1909;12.5;9;37;11;2
1910;19.25;7;36;9;3
1911;0.0;0;0;0;1
1912;9.09;9;37;11;2
1913;9.97;7;36;9;3
1914;0.0;0;0;0;1
1915;6.99;9;37;11;2
1916;3.71;7;36;9;3
1917;0.0;0;0;0;1
1918;4.74;9;37;11;2
1919;3.73;7;36;9;3
1920;0.0;0;0;0;1
1921;9.53;9;37;11;2
1922;7.89;7;36;9;3
1923;0.0;0;0;0;1
1924;11.87;9;37;11;2
1925;15.85;7;36;9;3
1926;0.0;0;0;0;1
1927;12.77;9;37;11;2
1928;18.93;7;36;9;3
1929;0.0;0;0;0;1
1930;13.05;9;37;11;2
1931;16.47;7;36;9;3
1932;0.0;0;0;0;1
1933;9.41;9;37;11;2
1934;20.51;7;36;9;3
1935;0.0;0;0;0;1
1936;13.05;9;38;11;2
1937;21.74;7;37;9;3
1938;0.0;0;0;0;1
1939;9.28;9;38;11;2
1940;15.49;8;37;9;3
1941;0.0;0;0;0;1
1942;9.29;9;38;11;2
1943;7.85;8;37;9;3
1944;0.0;0;0;0;1
1945;9.54;9;38;11;2
1946;1.38;8;37;9;3
1947;0.0;0;0;0;1
1948;8.58;9;38;11;2
1949;1.19;8;37;9;3
1950;0.0;0;0;0;1
1951;3.75;9;38;11;2
1952;2.38;8;37;9;3
1953;0.0;0;0;0;1
1954;7.25;9;38;11;2
1955;4.41;8;37;9;3
1956;0.0;0;0;0;1
1957;10.73;9;38;11;2
1958;8.88;8;37;9;3
1959;0.0;0;0;0;1
1960;10.31;9;38;11;2
1961;17.57;8;37;9;3
1962;0.0;0;0;0;1
1963;9.24;9;38;11;2
1964;18.99;8;37;9;3
1965;0.0;0;0;0;1
1966;7.6;9;38;11;2
1967;19.46;8;37;9;3
1968;0.0;0;0;0;1
1969;13.2;9;39;11;2
1970;11.67;8;37;9;3
1971;0.0;0;0;0;1
1972;13.63;9;39;11;2
1973;13.1;8;38;9;3
1974;0.0;0;0;0;1
1975;12.66;9;39;11;2
1976;14.61;8;38;9;3
1977;0.0;0;0;0;1
1978;14.46;9;39;11;2
1979;9.29;8;38;9;3
1980;0.0;0;0;0;1
1981;10.33;9;39;11;2
1982;4.12;8;38;9;3
1983;0.0;0;0;0;1
1984;6.16;9;39;11;2
1985;1.62;8;38;9;3
1986;0.0;0;0;0;1
1987;5.2;9;39;11;2
1988;3.28;8;38;9;3
1989;0.0;0;0;0;1
1990;10.29;9;39;11;2
1991;6.63;8;38;9;3
1992;0.0;0;0;0;1
1993;10.19;9;39;11;2
1994;10.87;8;38;9;3
1995;0.0;0;0;0;1
1996;11.32;9;39;11;2
1997;9.77;8;38;9;3
1998;0.0;0;0;0;1
1999;10.55;9;39;11;2
2000;16.46;8;38;9;3
2001;0.0;0;0;0;1
2002;9.88;9;39;11;2
2003;16.47;8;38;9;3
2004;0.0;0;0;0;1
2005;13.77;9;40;11;2
2006;14.71;8;39;11;3
2007;0.0;0;0;0;1
2008;13.32;9;40;11;2
2009;16.92;8;39;11;3
2010;0.0;0;0;0;1
2011;9.65;9;40;11;2
2012;11.11;8;39;11;3
2013;0.0;0;0;0;1
2014;8.65;9;40;11;2
2015;5.27;8;39;11;3
2016;0.0;0;0;0;1
2017;2.02;9;40;11;2
2018;7.64;8;39;11;3
2019;0.0;0;0;0;1
2020;3.56;9;40;11;2
2021;3.26;8;39;11;3
2022;0.0;0;0;0;1
2023;7.14;9;40;11;2
2024;6.31;8;39;11;3
2025;0.0;0;0;0;1
2026;14.43;9;40;11;2
2027;12.53;8;39;11;3
2028;0.0;0;0;0;1
2029;14.22;9;40;11;2
2030;15.3;8;39;11;3
2031;0.0;0;0;0;1
2032;13.14;9;40;11;2
2033;12.19;8;39;11;3
2034;0.0;0;0;0;1
2035;16.5;9;40;11;2
2036;9.9;8;39;11;3
2037;0.0;0;0;0;1
2038;0.0;9;0;0;2
2039;12.68;8;40;11;3
2040;0.0;0;0;0;1
2041;0.0;9;0;0;2
2042;15.47;8;40;11;3
2043;0.0;0;0;0;1
2044;0.0;9;0;0;2
2045;12.56;8;40;11;3
2046;0.0;0;0;0;1
2047;0.0;9;0;0;2
2048;10.39;8;40;11;3
2049;0.0;0;0;0;1
2050;0.0;9;0;0;2
2051;7.99;8;40;11;3
2052;0.0;0;0;0;1
2053;0.0;9;0;0;2
2054;6.38;8;40;11;3
2055;0.0;0;0;0;1
2056;0.0;7;0;0;2
2057;12.13;8;40;11;3
2058;0.0;0;0;0;1
2059;0.0;7;0;0;2
2060;17.63;8;40;11;3
2061;0.0;0;0;0;1
2062;0.0;7;0;0;2
2063;27.02;8;40;11;3
2064;0.0;0;0;0;1
2065;0.0;6;0;0;2
2066;12.8;8;40;11;3
2067;0.0;0;0;0;1
2068;0.0;3;0;0;2
2069;4.98;8;40;11;3
2070;0.0;0;0;0;1
2071;0.0;1;0;0;2
2072;0.09;8;40;11;3
2073;0.0;0;0;0;1
2074;0.0;1;0;0;2
2075;0.27;8;40;11;3
2076;0.0;0;0;0;1
2077;0.0;1;0;0;2
2078;0.54;8;40;11;3
2079;0.0;0;0;0;1
2080;0.0;1;0;0;2
2081;0.84;8;40;11;3
2082;0.0;0;0;0;1
2083;0.0;1;0;0;2
2084;1.44;8;40;11;3
2085;0.0;0;0;0;1
2086;0.0;1;0;0;2
2087;2.5;8;40;11;3
2088;0.0;0;0;0;1
2089;0.0;0;0;0;2
2090;4.89;8;40;11;3
2091;0.0;0;0;0;1
2092;0.0;0;0;0;2
2093;4.64;8;40;11;3
2094;0.0;0;0;0;1
2095;0.0;0;0;0;2
2096;0.7;8;40;11;3
2097;0.0;0;0;0;1
2098;0.0;0;0;0;2
2099;0.0;8;0;0;3
2100;0.0;0;0;0;1
2101;0.0;0;0;0;2
2102;0.0;8;0;0;3
2103;0.0;0;0;0;1
2104;0.0;0;0;0;2
2105;0.0;8;0;0;3
2106;0.0;0;0;0;1
2107;0.0;0;0;0;2
2108;0.0;5;0;0;3
2109;0.0;0;0;0;1
2110;0.0;0;0;0;2
2111;0.0;4;0;0;3
2112;0.0;0;0;0;1
2113;0.0;0;0;0;2
2114;0.0;4;0;0;3
2115;0.0;0;0;0;1
2116;0.0;0;0;0;2
2117;0.0;4;0;0;3
2118;0.0;0;0;0;1
